{"stats":{"minecraft:used":{"wom:satsujin":2,"minecraft:trident":4,"minecraft:netherite_sword":151,"epicsamurai:red_samurai_helmet":1,"epicsamurai:tetsubo_netherite":5,"alexscaves:hazmat_leggings":2,"minecraft:armor_stand":11,"armoroftheages:o_yoroi_armor_head":1,"minecraft:netherrack":3,"minecraft:dirt":5,"minecraft:anvil":1,"toughasnails:empty_canteen":5,"minecraft:shulker_box":1,"epicsamurai:red_samurai_leggings":2,"epicsamurai:kunai_netherite":18,"minecraft:obsidian":2,"epicsamurai:netherite_samurai_helmet":2,"minecraft:netherite_shovel":4,"minecraft:black_stained_glass_pane":1,"minecraft:grass_block":1,"wom:tormented_mind":2,"epicsamurai:shuko_netherite":1,"minecraft:netherite_boots":1,"epicsamurai:red_samurai_chestplate":1,"epicsamurai:red_samurai_boots":1,"minecraft:golden_carrot":14,"wom:antitheus":4,"minecraft:netherite_pickaxe":215,"epicsamurai:katana_oni":11,"dummmmmmy:target_dummy":3,"epicfight:skillbook":36,"minecraft:glass_bottle":16,"minecraft:netherite_chestplate":3,"epicsamurai:netherite_samurai_boots":2,"travelersbackpack:dragon":2,"minecraft:diamond_axe":3,"toughasnails:water_canteen":27,"armoroftheages:o_yoroi_armor_chest":3,"epicsamurai:katana_jorogumo":12,"spartanshields:diamond_basic_shield":2,"minecraft:netherite_leggings":2,"armoroftheages:o_yoroi_armor_feet":2,"epicsamurai:netherite_samurai_leggings":3,"minecraft:netherite_helmet":1,"minecraft:gray_concrete":1,"minecraft:painting":17,"epicsamurai:sai_netherite":2,"armoroftheages:o_yoroi_armor_legs":2,"minecraft:firework_rocket":97,"alexscaves:diving_boots":1,"man_of_many_planes:scarlet_biplane":1,"wom:golden_kit":1,"epicsamurai:netherite_samurai_chestplate":2,"minecraft:fire_charge":1,"minecraft:cobblestone":10,"minecraft:potion":16,"travelersbackpack:standard":1,"minecraft:smithing_table":1,"toughasnails:purified_water_canteen":11,"minecraft:glass_pane":1,"wom:moonless":4,"minecraft:white_concrete":1,"sereneseasons:season_sensor":2},"minecraft:crafted":{"spartanshields:diamond_basic_shield":1,"minecraft:air":0,"minecraft:shield":1,"spartanshields:wooden_basic_shield":1},"minecraft:killed":{"cardinal_sins:skeletonofgluttony":5,"undead_revamp2:thehunter":1,"minecraft:spider":5,"undead_revamp2:thesmoker":1,"royalvariations:royal_skeleton":1,"alexsmobs:seagull":1,"born_in_chaos_v1:siamese_skeletonsright":1,"born_in_chaos_v1:zombie_bruiser":1,"minecraft:phantom":4,"born_in_chaos_v1:maggot":11,"minecraft:skeleton":7,"born_in_chaos_v1:skeleton_thrasher":1,"minecraft:piglin_brute":5,"undead_revamp2:thespitter":1,"artifacts:mimic":2,"born_in_chaos_v1:barrel_zombie":2,"minecraft:piglin":1,"undead_revamp2:the_moonflower":2,"undead_revamp2:theheavy":1,"minecraft:wandering_trader":1,"minecraft:creeper":5,"born_in_chaos_v1:decrepit_skeleton":5,"mutantmonsters:mutant_enderman":1,"born_in_chaos_v1:decaying_zombie":1,"minecraft:zombie":18,"alexsmobs:fly":2,"mutantmonsters:mutant_zombie":1,"born_in_chaos_v1:door_knight":1,"epicsamurai:komainu":1,"born_in_chaos_v1:siamese_skeletonsleft":1,"minecraft:enderman":1},"minecraft:dropped":{"minecraft:enchanted_book":2,"minecraft:glass_bottle":1,"minecraft:smithing_table":1,"immersive_aircraft:enhanced_propeller":1,"minecraft:cobblestone":8,"epicsamurai:tetsubo_netherite":1,"minecraft:granite":5,"immersive_aircraft:sturdy_pipes":1,"minecraft:polished_blackstone_brick_wall":4,"travelersbackpack:dragon":1,"paraglider:spirit_orb":1,"minecraft:cracked_polished_blackstone_bricks":1,"sereneseasons:season_sensor":1,"epicsamurai:sai_netherite":1,"armoroftheages:o_yoroi_armor_head":1,"minecraft:diorite":3,"minecraft:polished_blackstone_brick_stairs":3,"epicsamurai:red_samurai_leggings":1,"epicsamurai:red_samurai_chestplate":1,"epicsamurai:katana_kitsune":1,"minecraft:jungle_sapling":1,"minecraft:bone_block":1,"minecraft:polished_blackstone_bricks":5,"epicsamurai:red_samurai_helmet":1,"minecraft:polished_blackstone_slab":2,"wom:tormented_mind":1,"immersive_aircraft:gyroscope":1,"sereneseasons:calendar":1,"minecraft:gold_ingot":1,"epicsamurai:netherite_samurai_helmet":1,"minecraft:gravel":1,"minecraft:anvil":1,"alexsmobs:maggot":3,"minecraft:blackstone":15,"artifacts:power_glove":1,"minecraft:stone_sword":1,"minecraft:cobbled_deepslate":27,"wom:satsujin":1,"epicsamurai:red_samurai_boots":1,"epicsamurai:katana":1,"epicsamurai:netherite_samurai_boots":1,"minecraft:rotten_flesh":1,"spartanshields:diamond_basic_shield":1,"travelersbackpack:netherite_tier_upgrade":1,"epicsamurai:netherite_samurai_leggings":1,"epicsamurai:kunai_netherite":1,"supplementaries:ash":7,"minecraft:andesite":14,"man_of_many_planes:scarlet_biplane":1,"wom:antitheus":1,"artifacts:antidote_vessel":1,"immersive_aircraft:steel_boiler":1,"epicsamurai:katana_jorogumo":1,"stalwart_dungeons:transient_block_close":2,"minecraft:sandstone":3,"minecraft:red_nether_bricks":1,"epicsamurai:katana_oni":2,"epicsamurai:shuko_netherite":1,"epicsamurai:netherite_samurai_chestplate":1,"epicfight:skillbook":23},"minecraft:mined":{"minecraft:quartz_stairs":1,"minecraft:deepslate_diamond_ore":2,"minecraft:red_nether_bricks":2,"minecraft:obsidian":2,"minecraft:granite":6,"born_in_chaos_v1:black_argillite":7,"minecraft:cracked_polished_blackstone_bricks":1,"iceandfire:deepslate_silver_ore":2,"minecraft:moss_block":1,"minecraft:sandstone":3,"minecraft:spawner":2,"minecraft:polished_blackstone_bricks":5,"minecraft:black_stained_glass_pane":2,"minecraft:fire":3,"minecraft:andesite":14,"minecraft:deepslate_lapis_ore":7,"minecraft:gold_block":10,"minecraft:stone":75,"minecraft:blackstone":16,"travelersbackpack:dragon":1,"stalwart_dungeons:transient_block_close":2,"minecraft:polished_blackstone_brick_wall":4,"minecraft:tall_grass":1,"minecraft:polished_blackstone_brick_stairs":3,"minecraft:diorite":4,"minecraft:polished_blackstone_slab":1,"sereneseasons:season_sensor":1,"minecraft:grass":1,"minecraft:smooth_quartz":1,"minecraft:cobweb":2,"minecraft:sand":4,"minecraft:dirt":5,"minecraft:netherrack":5,"minecraft:oak_leaves":5,"minecraft:deepslate":31},"minecraft:picked_up":{"epicsamurai:cloth":1,"sereneseasons:calendar":1,"minecraft:anvil":1,"travelersbackpack:dragon":2,"minecraft:smithing_table":1,"minecraft:lead":2,"minecraft:gold_block":10,"minecraft:enchanted_book":2,"minecraft:polished_blackstone_brick_stairs":3,"minecraft:string":16,"wom:antitheus":1,"artifacts:power_glove":1,"minecraft:red_nether_bricks":1,"minecraft:armor_stand":1,"artifacts:fire_gauntlet":1,"minecraft:blackstone":15,"minecraft:cobbled_deepslate":28,"minecraft:bucket":1,"minecraft:smooth_quartz":1,"minecraft:jungle_sapling":1,"alexscaves:hazmat_chestplate":1,"minecraft:phantom_membrane":6,"minecraft:sandstone":3,"born_in_chaos_v1:shattered_skull":1,"travelersbackpack:netherite_tier_upgrade":1,"epicfight:skillbook":24,"minecraft:polished_blackstone_bricks":5,"tombstone:grave_dust":7,"minecraft:diorite":3,"born_in_chaos_v1:pieceofdarkmetal":4,"mutantmonsters:hulk_hammer":1,"minecraft:stone_sword":1,"man_of_many_planes:scarlet_biplane":2,"wom:tormented_mind":1,"minecraft:rotten_flesh":49,"minecraft:gold_ingot":1,"supplementaries:ash":21,"minecraft:obsidian":2,"minecraft:bone_block":1,"minecraft:cobblestone":75,"born_in_chaos_v1:fused_bone":2,"born_in_chaos_v1:corpse_maggot":1,"minecraft:andesite":14,"sereneseasons:season_sensor":2,"dummmmmmy:target_dummy":3,"minecraft:potato":11,"royalvariations:spiritual_crown_shard":1,"paraglider:spirit_orb":3,"minecraft:gunpowder":6,"alexscaves:hazmat_leggings":1,"minecraft:lapis_lazuli":80,"minecraft:dirt":5,"minecraft:bone":29,"minecraft:apple":7,"undead_revamp2:blacpetalblock":1,"alexscaves:hazmat_mask":1,"minecraft:wheat_seeds":9,"tombstone:bag_of_seeds":2,"artifacts:antidote_vessel":1,"stalwart_dungeons:transient_block_close":2,"immersive_aircraft:sturdy_pipes":1,"minecraft:gravel":1,"minecraft:polished_blackstone_slab":2,"immersive_aircraft:gyroscope":1,"alexscaves:hazmat_boots":1,"minecraft:barrel":2,"artifacts:scarf_of_invisibility":1,"minecraft:spider_eye":9,"immersive_aircraft:enhanced_propeller":1,"minecraft:bundle":2,"armoroftheages:o_yoroi_armor_head":1,"minecraft:diamond":5,"minecraft:slime_ball":1,"minecraft:cracked_polished_blackstone_bricks":1,"minecraft:granite":5,"minecraft:polished_blackstone_brick_wall":4,"immersive_aircraft:steel_boiler":1,"alexsmobs:maggot":4,"tombstone:magic_scroll":1,"minecraft:netherrack":3,"wom:satsujin":1,"iceandfire:raw_silver":2,"minecraft:ender_pearl":2},"minecraft:custom":{"minecraft:interact_with_smithing_table":4,"minecraft:interact_with_anvil":2,"minecraft:mob_kills":99,"minecraft:interact_with_crafting_table":2,"minecraft:open_barrel":14,"minecraft:open_shulker_box":21,"minecraft:damage_dealt_resisted":3691,"minecraft:leave_game":12,"minecraft:time_since_death":179871,"minecraft:climb_one_cm":916,"minecraft:sprint_one_cm":783305,"minecraft:walk_one_cm":958769,"minecraft:damage_blocked_by_shield":75,"minecraft:drop":89,"minecraft:damage_dealt_absorbed":6967,"minecraft:talked_to_villager":1,"minecraft:play_time":179871,"minecraft:sneak_time":2605,"minecraft:walk_under_water_one_cm":12616,"minecraft:jump":904,"minecraft:walk_on_water_one_cm":13969,"minecraft:total_world_time":194539,"tombstone:raider_killed":4,"minecraft:interact_with_loom":1,"minecraft:time_since_rest":179871,"minecraft:waystone_activated":3,"minecraft:damage_taken":1505,"minecraft:open_enderchest":4,"minecraft:damage_absorbed":4360,"minecraft:damage_dealt":23606,"minecraft:swim_one_cm":7877,"minecraft:fly_one_cm":468755,"minecraft:open_chest":75,"minecraft:crouch_one_cm":11541,"tombstone:undead_killed":50,"tombstone:villager_killed":1,"minecraft:aviate_one_cm":3375319,"minecraft:fall_one_cm":61241},"minecraft:broken":{"toughasnails:water_canteen":4,"toughasnails:purified_water_canteen":1}},"DataVersion":3465}