{"stats":{"minecraft:crafted":{"spartanshields:diamond_basic_shield":1,"minecraft:air":0,"minecraft:shield":1,"spartanshields:wooden_basic_shield":1},"minecraft:mined":{"travelersbackpack:dragon":1,"minecraft:black_stained_glass_pane":2,"sereneseasons:season_sensor":1},"minecraft:picked_up":{"born_in_chaos_v1:fused_bone":2,"sereneseasons:calendar":1,"minecraft:anvil":1,"travelersbackpack:dragon":2,"minecraft:smithing_table":1,"sereneseasons:season_sensor":2,"dummmmmmy:target_dummy":3,"royalvariations:spiritual_crown_shard":1,"minecraft:enchanted_book":2,"minecraft:gunpowder":1,"alexscaves:hazmat_leggings":1,"wom:antitheus":1,"artifacts:power_glove":1,"minecraft:armor_stand":1,"minecraft:bone":6,"alexscaves:hazmat_mask":1,"artifacts:antidote_vessel":1,"alexscaves:hazmat_chestplate":1,"immersive_aircraft:sturdy_pipes":1,"travelersbackpack:netherite_tier_upgrade":1,"epicfight:skillbook":22,"immersive_aircraft:gyroscope":1,"tombstone:grave_dust":3,"born_in_chaos_v1:pieceofdarkmetal":1,"alexscaves:hazmat_boots":1,"immersive_aircraft:enhanced_propeller":1,"minecraft:bundle":2,"armoroftheages:o_yoroi_armor_head":1,"man_of_many_planes:scarlet_biplane":2,"wom:tormented_mind":1,"minecraft:rotten_flesh":23,"minecraft:slime_ball":1,"immersive_aircraft:steel_boiler":1,"alexsmobs:maggot":4,"supplementaries:ash":8,"wom:satsujin":1},"minecraft:used":{"dummmmmmy:target_dummy":3,"wom:satsujin":2,"epicfight:skillbook":36,"minecraft:netherite_sword":42,"epicsamurai:red_samurai_helmet":1,"epicsamurai:tetsubo_netherite":5,"alexscaves:hazmat_leggings":2,"minecraft:armor_stand":11,"minecraft:glass_bottle":16,"armoroftheages:o_yoroi_armor_head":1,"minecraft:netherite_chestplate":3,"epicsamurai:netherite_samurai_boots":2,"travelersbackpack:dragon":2,"armoroftheages:o_yoroi_armor_chest":3,"minecraft:anvil":1,"epicsamurai:katana_jorogumo":12,"spartanshields:diamond_basic_shield":2,"minecraft:netherite_leggings":2,"armoroftheages:o_yoroi_armor_feet":2,"epicsamurai:netherite_samurai_leggings":3,"minecraft:netherite_helmet":1,"minecraft:painting":17,"epicsamurai:red_samurai_leggings":2,"minecraft:gray_concrete":1,"epicsamurai:kunai_netherite":18,"epicsamurai:netherite_samurai_helmet":2,"epicsamurai:sai_netherite":2,"armoroftheages:o_yoroi_armor_legs":2,"minecraft:firework_rocket":2,"alexscaves:diving_boots":1,"man_of_many_planes:scarlet_biplane":1,"minecraft:black_stained_glass_pane":1,"wom:golden_kit":1,"minecraft:grass_block":1,"wom:tormented_mind":2,"epicsamurai:netherite_samurai_chestplate":2,"epicsamurai:shuko_netherite":1,"epicsamurai:red_samurai_chestplate":1,"minecraft:netherite_boots":1,"minecraft:golden_carrot":5,"epicsamurai:red_samurai_boots":1,"wom:antitheus":4,"minecraft:potion":16,"travelersbackpack:standard":1,"minecraft:smithing_table":1,"minecraft:netherite_pickaxe":1,"wom:moonless":4,"toughasnails:purified_water_canteen":6,"minecraft:glass_pane":1,"minecraft:white_concrete":1,"sereneseasons:season_sensor":2,"epicsamurai:katana_oni":11},"minecraft:custom":{"minecraft:interact_with_anvil":2,"minecraft:mob_kills":40,"minecraft:interact_with_crafting_table":2,"minecraft:open_barrel":5,"minecraft:open_shulker_box":8,"minecraft:interact_with_loom":1,"minecraft:damage_dealt_resisted":2617,"minecraft:leave_game":11,"minecraft:time_since_death":113812,"minecraft:climb_one_cm":916,"minecraft:time_since_rest":113812,"minecraft:damage_absorbed":2142,"minecraft:waystone_activated":2,"minecraft:damage_taken":138,"minecraft:sprint_one_cm":339350,"minecraft:open_enderchest":1,"minecraft:walk_one_cm":622319,"minecraft:damage_blocked_by_shield":75,"minecraft:drop":63,"minecraft:damage_dealt":5612,"minecraft:damage_dealt_absorbed":1092,"minecraft:swim_one_cm":2378,"minecraft:talked_to_villager":1,"minecraft:fly_one_cm":191445,"minecraft:open_chest":45,"minecraft:crouch_one_cm":8730,"minecraft:play_time":113812,"tombstone:undead_killed":23,"minecraft:sneak_time":1871,"minecraft:walk_under_water_one_cm":4336,"minecraft:aviate_one_cm":59351,"minecraft:jump":202,"minecraft:total_world_time":128480,"minecraft:walk_on_water_one_cm":2802,"minecraft:fall_one_cm":9778,"minecraft:interact_with_smithing_table":4},"minecraft:killed":{"born_in_chaos_v1:barrel_zombie":2,"undead_revamp2:thehunter":1,"minecraft:spider":1,"undead_revamp2:theheavy":1,"undead_revamp2:thesmoker":1,"royalvariations:royal_skeleton":1,"born_in_chaos_v1:siamese_skeletonsright":1,"minecraft:creeper":3,"born_in_chaos_v1:zombie_bruiser":1,"born_in_chaos_v1:decrepit_skeleton":3,"born_in_chaos_v1:maggot":10,"minecraft:skeleton":2,"born_in_chaos_v1:decaying_zombie":1,"minecraft:zombie":8,"alexsmobs:fly":2,"born_in_chaos_v1:siamese_skeletonsleft":1},"minecraft:dropped":{"minecraft:enchanted_book":2,"minecraft:anvil":1,"alexsmobs:maggot":3,"artifacts:power_glove":1,"minecraft:glass_bottle":1,"minecraft:smithing_table":1,"wom:satsujin":1,"epicsamurai:red_samurai_boots":1,"immersive_aircraft:enhanced_propeller":1,"epicsamurai:katana":1,"epicsamurai:netherite_samurai_boots":1,"minecraft:rotten_flesh":1,"spartanshields:diamond_basic_shield":1,"travelersbackpack:netherite_tier_upgrade":1,"epicsamurai:netherite_samurai_leggings":1,"epicsamurai:tetsubo_netherite":1,"immersive_aircraft:sturdy_pipes":1,"travelersbackpack:dragon":1,"epicsamurai:kunai_netherite":1,"supplementaries:ash":4,"sereneseasons:season_sensor":1,"epicsamurai:sai_netherite":1,"armoroftheages:o_yoroi_armor_head":1,"epicsamurai:red_samurai_leggings":1,"epicsamurai:red_samurai_chestplate":1,"wom:antitheus":1,"man_of_many_planes:scarlet_biplane":1,"epicsamurai:katana_kitsune":1,"artifacts:antidote_vessel":1,"immersive_aircraft:steel_boiler":1,"epicsamurai:katana_jorogumo":1,"epicsamurai:red_samurai_helmet":1,"wom:tormented_mind":1,"immersive_aircraft:gyroscope":1,"sereneseasons:calendar":1,"epicsamurai:katana_oni":2,"epicsamurai:shuko_netherite":1,"epicsamurai:netherite_samurai_chestplate":1,"epicfight:skillbook":21,"epicsamurai:netherite_samurai_helmet":1}},"DataVersion":3465}