{"stats":{"minecraft:picked_up":{"goblinsanddungeons:cracked_scoria_bricks":1,"minecraft:coarse_dirt":3,"minecraft:crafting_table":4,"minecraft:feather":4,"minecraft:cooked_beef":4,"minecraft:chicken":4,"minecraft:leather":9,"simple_mobs:toxic_gland":1,"minecraft:gold_block":4,"minecraft:enchanted_book":3,"paraglider:spirit_orb":1,"minecraft:string":2,"minecraft:dirt":4,"minecraft:red_bed":1,"minecraft:white_banner":2,"minecraft:name_tag":1,"minecraft:bone":6,"minecraft:experience_bottle":1,"goblinsanddungeons:scoria_bricks":5,"minecraft:bow":1,"minecraft:wheat_seeds":1,"minecraft:iron_ingot":5,"minecraft:beef":29,"minecraft:iron_nugget":6,"minecraft:powered_rail":4,"minecraft:birch_sapling":2,"paraglider:essence":2,"hexerei:animal_fat":3,"minecraft:egg":5,"minecraft:stick":5,"minecraft:emerald_block":1,"endrem:lost_eye":2,"apotheosis:gem":4,"minecraft:pumpkin":1,"minecraft:torch":18,"simple_mobs:ogreliver":2,"minecraft:golden_axe":1,"minecraft:spruce_log":9,"minecraft:spider_eye":1,"goblinsanddungeons:goblin_crown":3,"minecraft:pumpkin_seeds":2,"minecraft:arrow":29,"minecraft:iron_helmet":1,"minecraft:bread":4,"minecraft:gold_ingot":1,"minecraft:emerald":9,"minecraft:ender_pearl":8},"minecraft:broken":{"minecraft:iron_chestplate":1,"jet_and_elias_armors:outrider_set_helmet":1,"goblinsanddungeons:goblin_crown":1},"minecraft:used":{"minecraft:stick":1,"minecraft:iron_chestplate":1,"minecraft:golden_apple":7,"minecraft:dirt":3,"minecraft:crafting_table":4,"minecraft:red_bed":1,"minecraft:iron_axe":82,"minecraft:bread":35,"minecraft:iron_pickaxe":13,"minecraft:bow":57,"minecraft:white_banner":1,"minecraft:cooked_beef":4,"minecraft:coarse_dirt":2,"minecraft:pillager_spawn_egg":14,"epicfight:uchigatana":281},"minecraft:killed":{"mimic:mimic":1,"simple_mobs:gobber":9,"simple_mobs:hobgob":2,"simple_mobs:goom":2,"minecraft:spider":2,"minecraft:vindicator":2,"simple_mobs:weak_ogre":1,"goblinsanddungeons:goblin_king":2,"minecraft:skeleton":2,"minecraft:pillager":13,"goblinsanddungeons:hobgob":2,"bloodandmadness:beast_patient":1,"goblinsanddungeons:garch":7,"minecraft:chicken":3,"minecraft:silverfish":10,"simple_mobs:toxic_goop":1,"simple_mobs:gob":12,"simple_mobs:goblo":3,"simple_mobs:corrupted_ogre":2,"minecraft:cow":8},"minecraft:crafted":{"sophisticatedbackpacks:backpack":1,"simple_mobs:bundled_emerald":1,"minecraft:crafting_table":1,"minecraft:air":45,"minecraft:iron_axe":1,"minecraft:stick":4,"minecraft:iron_pickaxe":1,"nyfsquiver:basic_quiver":1,"quark:spruce_chest":1},"minecraft:killed_by":{"simple_mobs:lost_eye_ogre":1,"simple_mobs:corrupted_ogre":1},"minecraft:mined":{"minecraft:glass_pane":3,"minecraft:red_bed":1,"minecraft:crafting_table":4,"minecraft:grass_block":3,"minecraft:tall_grass":2,"goblinsanddungeons:cracked_scoria_bricks":1,"minecraft:spruce_leaves":1,"goblinsanddungeons:scoria_bricks":5,"goblinsanddungeons:urn":8,"minecraft:coarse_dirt":3,"minecraft:ice":1,"treechop:chopped_log":1,"minecraft:gold_block":4,"minecraft:grass":5,"supplementaries:stick":1,"minecraft:dirt":1,"minecraft:emerald_block":1,"minecraft:fern":1},"minecraft:dropped":{"minecraft:bread":1,"hexerei:animal_fat":1,"minecraft:wheat_seeds":1,"minecraft:iron_nugget":1,"minecraft:birch_sapling":2,"minecraft:chicken":2,"minecraft:feather":1,"ftbquests:missing_item":1,"minecraft:pumpkin_seeds":1,"minecraft:stick":2,"minecraft:gunpowder":1,"paraglider:heart_container":60,"minecraft:pumpkin":1,"minecraft:arrow":65,"minecraft:beef":14,"minecraft:bone":3},"minecraft:custom":{"lootr:looted_stat":15,"minecraft:mob_kills":85,"minecraft:interact_with_crafting_table":12,"minecraft:interact_with_campfire":4,"minecraft:raid_trigger":1,"minecraft:bell_ring":1,"minecraft:damage_dealt_resisted":3573,"minecraft:leave_game":3,"minecraft:time_since_death":24663,"minecraft:sleep_in_bed":1,"minecraft:climb_one_cm":581,"minecraft:damage_resisted":36,"minecraft:time_since_rest":4790,"champions:champion_mobs_killed":72,"minecraft:waystone_activated":1,"minecraft:sprint_one_cm":281731,"minecraft:damage_absorbed":232,"minecraft:damage_taken":6249,"minecraft:walk_one_cm":492247,"minecraft:drop":20,"minecraft:damage_dealt":18417,"minecraft:damage_dealt_absorbed":7694,"minecraft:swim_one_cm":3700,"minecraft:fly_one_cm":939845,"minecraft:open_chest":5,"minecraft:crouch_one_cm":4418,"minecraft:play_time":146025,"minecraft:deaths":7,"minecraft:sneak_time":2885,"minecraft:walk_under_water_one_cm":7130,"minecraft:jump":865,"minecraft:walk_on_water_one_cm":7217,"minecraft:total_world_time":146025,"minecraft:fall_one_cm":12042}},"DataVersion":2975}