{
  "comforts:sleeping_bag_light_gray": {
    "criteria": {
      "has_the_recipe": "2024-05-24 19:22:07 +0000"
    },
    "done": true
  },
  "comforts:hammock_white": {
    "criteria": {
      "has_the_recipe": "2024-05-24 19:22:07 +0000"
    },
    "done": true
  },
  "comforts:hammock_cyan_from_white": {
    "criteria": {
      "has_the_recipe": "2024-05-24 19:22:07 +0000"
    },
    "done": true
  },
  "comforts:hammock_black": {
    "criteria": {
      "has_the_recipe": "2024-05-24 19:22:07 +0000"
    },
    "done": true
  },
  "comforts:sleeping_bag_light_blue": {
    "criteria": {
      "has_the_recipe": "2024-05-24 19:22:07 +0000"
    },
    "done": true
  },
  "comforts:sleeping_bag_green_from_white": {
    "criteria": {
      "has_the_recipe": "2024-05-24 19:22:07 +0000"
    },
    "done": true
  },
  "comforts:sleeping_bag_lime": {
    "criteria": {
      "has_the_recipe": "2024-05-24 19:22:07 +0000"
    },
    "done": true
  },
  "obscure_api:recipes/obscure_book": {
    "criteria": {
      "has_item": "2024-05-24 22:42:05 +0000"
    },
    "done": true
  },
  "biomemakeover:biomemakeover/root": {
    "criteria": {
      "enter_dark_forest": "2024-05-24 19:22:07 +0000"
    },
    "done": true
  },
  "comforts:sleeping_bag_lime_from_white": {
    "criteria": {
      "has_the_recipe": "2024-05-24 19:22:07 +0000"
    },
    "done": true
  },
  "paraglider:all_vessels": {
    "criteria": {
      "code_triggered": "2024-05-24 21:09:12 +0000"
    },
    "done": true
  },
  "comforts:sleeping_bag_black_from_white": {
    "criteria": {
      "has_the_recipe": "2024-05-24 19:22:07 +0000"
    },
    "done": true
  },
  "majruszsdifficulty:progressive_difficulty/bleeding_inflicted": {
    "criteria": {
      "bleeding_applied": "2024-05-24 22:35:40 +0000"
    },
    "done": true
  },
  "undead_revamp2:theundeadchallenges": {
    "criteria": {
      "theundeadchallenges": "2024-05-24 19:22:08 +0000"
    },
    "done": true
  },
  "comforts:hammock_light_blue_from_white": {
    "criteria": {
      "has_the_recipe": "2024-05-24 19:22:07 +0000"
    },
    "done": true
  },
  "aquamirae:adventure/root": {
    "criteria": {
      "crafting_table": "2024-05-24 22:42:05 +0000"
    },
    "done": true
  },
  "comforts:sleeping_bag_black": {
    "criteria": {
      "has_the_recipe": "2024-05-24 19:22:07 +0000"
    },
    "done": true
  },
  "comforts:hammock_red_from_white": {
    "criteria": {
      "has_the_recipe": "2024-05-24 19:22:07 +0000"
    },
    "done": true
  },
  "comforts:hammock_yellow": {
    "criteria": {
      "has_the_recipe": "2024-05-24 19:22:07 +0000"
    },
    "done": true
  },
  "goblinsanddungeons:goblinsanddungeons/goblin_slayer": {
    "criteria": {
      "garch": "2024-05-24 22:24:30 +0000",
      "hobgob": "2024-05-24 22:49:14 +0000"
    },
    "done": false
  },
  "mowziesmobs:root": {
    "criteria": {
      "custom_test_name": "2024-05-24 19:22:08 +0000"
    },
    "done": true
  },
  "comforts:hammock_cyan": {
    "criteria": {
      "has_the_recipe": "2024-05-24 19:22:07 +0000"
    },
    "done": true
  },
  "comforts:sleeping_bag_purple": {
    "criteria": {
      "has_the_recipe": "2024-05-24 19:22:07 +0000"
    },
    "done": true
  },
  "lootr:1chest": {
    "criteria": {
      "opened_chest": "2024-05-24 20:50:29 +0000"
    },
    "done": true
  },
  "comforts:hammock_pink_from_white": {
    "criteria": {
      "has_the_recipe": "2024-05-24 19:22:07 +0000"
    },
    "done": true
  },
  "goblinsanddungeons:goblinsanddungeons/end_of_the_labyrinth": {
    "criteria": {
      "killed_something": "2024-05-24 22:23:59 +0000"
    },
    "done": true
  },
  "ba_bt:battletowers/battle_tower": {
    "criteria": {
      "crafting_table": "2024-05-24 22:42:05 +0000"
    },
    "done": true
  },
  "apotheosis:affix/root": {
    "criteria": {
      "sword": "2024-05-24 22:23:59 +0000"
    },
    "done": true
  },
  "apotheosis:spawner/capturing": {
    "criteria": {
      "egg": "2024-05-24 21:11:59 +0000"
    },
    "done": true
  },
  "comforts:sleeping_bag_purple_from_white": {
    "criteria": {
      "has_the_recipe": "2024-05-24 19:22:07 +0000"
    },
    "done": true
  },
  "comforts:sleeping_bag_yellow": {
    "criteria": {
      "has_the_recipe": "2024-05-24 19:22:07 +0000"
    },
    "done": true
  },
  "cataclysm:root": {
    "criteria": {
      "custom_test_name": "2024-05-24 19:22:08 +0000"
    },
    "done": true
  },
  "comforts:hammock_light_gray": {
    "criteria": {
      "has_the_recipe": "2024-05-24 19:22:07 +0000"
    },
    "done": true
  },
  "mutantmonsters:root": {
    "criteria": {
      "killed_something": "2024-05-24 20:52:50 +0000"
    },
    "done": true
  },
  "comforts:hammock_purple": {
    "criteria": {
      "has_the_recipe": "2024-05-24 19:22:07 +0000"
    },
    "done": true
  },
  "minecraft:husbandry/balanced_diet": {
    "criteria": {
      "cooked_beef": "2024-05-24 22:54:07 +0000",
      "bread": "2024-05-24 21:03:05 +0000",
      "golden_apple": "2024-05-24 22:32:37 +0000"
    },
    "done": false
  },
  "comforts:sleeping_bag_orange_from_white": {
    "criteria": {
      "has_the_recipe": "2024-05-24 19:22:07 +0000"
    },
    "done": true
  },
  "comforts:hammock_yellow_from_white": {
    "criteria": {
      "has_the_recipe": "2024-05-24 19:22:07 +0000"
    },
    "done": true
  },
  "comforts:sleeping_bag_blue_from_white": {
    "criteria": {
      "has_the_recipe": "2024-05-24 19:22:07 +0000"
    },
    "done": true
  },
  "apotheosis:affix/gem": {
    "criteria": {
      "gem": "2024-05-24 20:50:32 +0000"
    },
    "done": true
  },
  "comforts:sleeping_bag_green": {
    "criteria": {
      "has_the_recipe": "2024-05-24 19:22:07 +0000"
    },
    "done": true
  },
  "comforts:hammock_lime": {
    "criteria": {
      "has_the_recipe": "2024-05-24 19:22:07 +0000"
    },
    "done": true
  },
  "custom:100_blocks": {
    "criteria": {
      "Start": "2024-05-24 20:46:17 +0000"
    },
    "done": true
  },
  "comforts:sleeping_bag_brown_from_white": {
    "criteria": {
      "has_the_recipe": "2024-05-24 19:22:07 +0000"
    },
    "done": true
  },
  "minecraft:story/iron_tools": {
    "criteria": {
      "iron_pickaxe": "2024-05-24 22:46:44 +0000"
    },
    "done": true
  },
  "simple_mobs:goblin_king_quest_complete": {
    "criteria": {
      "goblin_king_quest_complete": "2024-05-24 22:57:24 +0000"
    },
    "done": true
  },
  "comforts:sleeping_bag_white": {
    "criteria": {
      "has_the_recipe": "2024-05-24 19:22:07 +0000"
    },
    "done": true
  },
  "comforts:sleeping_bag_pink": {
    "criteria": {
      "has_the_recipe": "2024-05-24 19:22:07 +0000"
    },
    "done": true
  },
  "comforts:hammock_light_gray_from_white": {
    "criteria": {
      "has_the_recipe": "2024-05-24 19:22:07 +0000"
    },
    "done": true
  },
  "goblinsanddungeons:goblinsanddungeons/root": {
    "criteria": {
      "tick": "2024-05-24 19:22:08 +0000"
    },
    "done": true
  },
  "comforts:sleeping_bag_gray": {
    "criteria": {
      "has_the_recipe": "2024-05-24 19:22:07 +0000"
    },
    "done": true
  },
  "comforts:sleeping_bag_brown": {
    "criteria": {
      "has_the_recipe": "2024-05-24 19:22:07 +0000"
    },
    "done": true
  },
  "comforts:sleeping_bag_light_blue_from_white": {
    "criteria": {
      "has_the_recipe": "2024-05-24 19:22:07 +0000"
    },
    "done": true
  },
  "minecraft:story/root": {
    "criteria": {
      "crafting_table": "2024-05-24 22:42:05 +0000"
    },
    "done": true
  },
  "comforts:hammock_light_blue": {
    "criteria": {
      "has_the_recipe": "2024-05-24 19:22:07 +0000"
    },
    "done": true
  },
  "incendium:technical/using/shield": {
    "criteria": {
      "log_spam_fixer": "2024-05-24 19:22:07 +0000"
    },
    "done": false
  },
  "comforts:rope_and_nail": {
    "criteria": {
      "has_the_recipe": "2024-05-24 19:22:07 +0000"
    },
    "done": true
  },
  "comforts:hammock_magenta": {
    "criteria": {
      "has_the_recipe": "2024-05-24 19:22:07 +0000"
    },
    "done": true
  },
  "idas:idas_root": {
    "criteria": {
      "always": "2024-05-24 19:22:08 +0000"
    },
    "done": true
  },
  "betterdungeons:root": {
    "criteria": {
      "always": "2024-05-24 19:22:08 +0000"
    },
    "done": true
  },
  "incendium:technical/using/trailblazer": {
    "criteria": {
      "log_spam_fixer": "2024-05-24 19:22:07 +0000"
    },
    "done": false
  },
  "comforts:sleeping_bag_red": {
    "criteria": {
      "has_the_recipe": "2024-05-24 19:22:07 +0000"
    },
    "done": true
  },
  "comforts:sleeping_bag_red_from_white": {
    "criteria": {
      "has_the_recipe": "2024-05-24 19:22:07 +0000"
    },
    "done": true
  },
  "lootr:root": {
    "criteria": {
      "always_true": "2024-05-24 19:22:08 +0000"
    },
    "done": true
  },
  "minecraft:adventure/kill_a_mob": {
    "criteria": {
      "minecraft:skeleton": "2024-05-24 20:52:50 +0000"
    },
    "done": true
  },
  "incendium:technical/scroll_of_returning": {
    "criteria": {
      "log_spam_fixer": "2024-05-24 19:22:07 +0000"
    },
    "done": false
  },
  "apotheosis:affix/common": {
    "criteria": {
      "sword": "2024-05-24 22:23:59 +0000"
    },
    "done": true
  },
  "comforts:sleeping_bag_magenta_from_white": {
    "criteria": {
      "has_the_recipe": "2024-05-24 19:22:07 +0000"
    },
    "done": true
  },
  "minecraft:story/obtain_armor": {
    "criteria": {
      "iron_chestplate": "2024-05-24 20:55:38 +0000"
    },
    "done": true
  },
  "comforts:hammock_magenta_from_white": {
    "criteria": {
      "has_the_recipe": "2024-05-24 19:22:07 +0000"
    },
    "done": true
  },
  "comforts:sleeping_bag_blue": {
    "criteria": {
      "has_the_recipe": "2024-05-24 19:22:07 +0000"
    },
    "done": true
  },
  "comforts:hammock_brown_from_white": {
    "criteria": {
      "has_the_recipe": "2024-05-24 19:22:07 +0000"
    },
    "done": true
  },
  "friendsandfoes:misc/yellow_dye_from_buttercup": {
    "criteria": {
      "has_the_recipe": "2024-05-24 19:22:07 +0000"
    },
    "done": true
  },
  "majruszsdifficulty:progressive_difficulty/normal_mode": {
    "criteria": {
      "game_state": "2024-05-24 19:22:07 +0000"
    },
    "done": true
  },
  "simple_mobs:corrupt_ogre_quest_complete": {
    "criteria": {
      "corrupt_ogre_quest_complete": "2024-05-25 00:02:27 +0000"
    },
    "done": true
  },
  "morevillagers:root": {
    "criteria": {
      "always": "2024-05-24 19:22:08 +0000"
    },
    "done": true
  },
  "minecraft:adventure/adventuring_time": {
    "criteria": {
      "minecraft:birch_forest": "2024-05-24 20:48:50 +0000",
      "minecraft:beach": "2024-05-24 23:13:55 +0000",
      "minecraft:dark_forest": "2024-05-24 19:22:07 +0000",
      "minecraft:river": "2024-05-24 20:49:58 +0000",
      "minecraft:plains": "2024-05-24 23:10:09 +0000"
    },
    "done": false
  },
  "comforts:hammock_blue_from_white": {
    "criteria": {
      "has_the_recipe": "2024-05-24 19:22:07 +0000"
    },
    "done": true
  },
  "minecraft:adventure/sleep_in_bed": {
    "criteria": {
      "slept_in_bed": "2024-05-25 04:28:00 +0000"
    },
    "done": true
  },
  "comforts:sleeping_bag_gray_from_white": {
    "criteria": {
      "has_the_recipe": "2024-05-24 19:22:07 +0000"
    },
    "done": true
  },
  "incendium:technical/using/ragnarok": {
    "criteria": {
      "log_spam_fixer": "2024-05-24 19:22:07 +0000"
    },
    "done": false
  },
  "comforts:sleeping_bag_orange": {
    "criteria": {
      "has_the_recipe": "2024-05-24 19:22:07 +0000"
    },
    "done": true
  },
  "minecraft:husbandry/root": {
    "criteria": {
      "consumed_item": "2024-05-24 21:03:05 +0000"
    },
    "done": true
  },
  "paraglider:paraglider": {
    "criteria": {
      "paraglider": "2024-05-24 21:08:36 +0000"
    },
    "done": true
  },
  "comforts:sleeping_bag_cyan": {
    "criteria": {
      "has_the_recipe": "2024-05-24 19:22:07 +0000"
    },
    "done": true
  },
  "apotheosis:affix/chests": {
    "criteria": {
      "sword": "2024-05-24 22:36:47 +0000"
    },
    "done": true
  },
  "lootr:10loot": {
    "criteria": {
      "loot_stat": "2024-05-24 22:38:13 +0000"
    },
    "done": true
  },
  "incendium:technical/new_player": {
    "criteria": {
      "requirement": "2024-05-24 19:22:08 +0000"
    },
    "done": true
  },
  "comforts:hammock_purple_from_white": {
    "criteria": {
      "has_the_recipe": "2024-05-24 19:22:07 +0000"
    },
    "done": true
  },
  "minecraft:adventure/root": {
    "criteria": {
      "killed_something": "2024-05-24 20:52:50 +0000"
    },
    "done": true
  },
  "comforts:sleeping_bag_pink_from_white": {
    "criteria": {
      "has_the_recipe": "2024-05-24 19:22:07 +0000"
    },
    "done": true
  },
  "minecraft:adventure/shoot_arrow": {
    "criteria": {
      "shot_arrow": "2024-05-24 22:30:56 +0000"
    },
    "done": true
  },
  "comforts:hammock_red": {
    "criteria": {
      "has_the_recipe": "2024-05-24 19:22:07 +0000"
    },
    "done": true
  },
  "lootr:social": {
    "criteria": {
      "opened_chest": "2024-05-24 20:50:29 +0000"
    },
    "done": false
  },
  "comforts:hammock_black_from_white": {
    "criteria": {
      "has_the_recipe": "2024-05-24 19:22:07 +0000"
    },
    "done": true
  },
  "farmersdelight:main/root": {
    "criteria": {
      "seeds": "2024-05-24 19:22:08 +0000"
    },
    "done": true
  },
  "comforts:sleeping_bag_yellow_from_white": {
    "criteria": {
      "has_the_recipe": "2024-05-24 19:22:07 +0000"
    },
    "done": true
  },
  "comforts:hammock_gray_from_white": {
    "criteria": {
      "has_the_recipe": "2024-05-24 19:22:07 +0000"
    },
    "done": true
  },
  "minecraft:adventure/kill_all_mobs": {
    "criteria": {
      "minecraft:pillager": "2024-05-24 21:13:02 +0000",
      "minecraft:skeleton": "2024-05-24 20:52:50 +0000",
      "minecraft:vindicator": "2024-05-24 22:36:42 +0000",
      "minecraft:spider": "2024-05-24 23:12:47 +0000",
      "minecraft:silverfish": "2024-05-24 23:12:46 +0000"
    },
    "done": false
  },
  "endrem:main/lost_eye": {
    "criteria": {
      "lost_eye": "2024-05-24 23:55:40 +0000"
    },
    "done": true
  },
  "dungeons_arise:wda_root": {
    "criteria": {
      "WDA": "2024-05-24 19:22:08 +0000"
    },
    "done": true
  },
  "comforts:hammock_green_from_white": {
    "criteria": {
      "has_the_recipe": "2024-05-24 19:22:07 +0000"
    },
    "done": true
  },
  "comforts:hammock_orange": {
    "criteria": {
      "has_the_recipe": "2024-05-24 19:22:07 +0000"
    },
    "done": true
  },
  "comforts:hammock_lime_from_white": {
    "criteria": {
      "has_the_recipe": "2024-05-24 19:22:07 +0000"
    },
    "done": true
  },
  "endrem:main/root": {
    "criteria": {
      "lost_eye": "2024-05-24 23:55:40 +0000"
    },
    "done": true
  },
  "comforts:hammock_pink": {
    "criteria": {
      "has_the_recipe": "2024-05-24 19:22:07 +0000"
    },
    "done": true
  },
  "comforts:hammock_orange_from_white": {
    "criteria": {
      "has_the_recipe": "2024-05-24 19:22:07 +0000"
    },
    "done": true
  },
  "comforts:sleeping_bag_magenta": {
    "criteria": {
      "has_the_recipe": "2024-05-24 19:22:07 +0000"
    },
    "done": true
  },
  "minecraft:adventure/voluntary_exile": {
    "criteria": {
      "voluntary_exile": "2024-05-24 21:17:02 +0000"
    },
    "done": true
  },
  "comforts:sleeping_bag_cyan_from_white": {
    "criteria": {
      "has_the_recipe": "2024-05-24 19:22:07 +0000"
    },
    "done": true
  },
  "comforts:sleeping_bag_light_gray_from_white": {
    "criteria": {
      "has_the_recipe": "2024-05-24 19:22:07 +0000"
    },
    "done": true
  },
  "create:root": {
    "criteria": {
      "0": "2024-05-24 19:22:08 +0000"
    },
    "done": true
  },
  "champions:kill_a_champion": {
    "criteria": {
      "kill_a_champion": "2024-05-24 21:14:22 +0000"
    },
    "done": true
  },
  "comforts:hammock_brown": {
    "criteria": {
      "has_the_recipe": "2024-05-24 19:22:07 +0000"
    },
    "done": true
  },
  "comforts:hammock_blue": {
    "criteria": {
      "has_the_recipe": "2024-05-24 19:22:07 +0000"
    },
    "done": true
  },
  "comforts:hammock_green": {
    "criteria": {
      "has_the_recipe": "2024-05-24 19:22:07 +0000"
    },
    "done": true
  },
  "minecraft:story/smelt_iron": {
    "criteria": {
      "iron": "2024-05-24 22:37:16 +0000"
    },
    "done": true
  },
  "paraglider:root": {
    "criteria": {
      "crafting_table": "2024-05-24 22:42:05 +0000"
    },
    "done": true
  },
  "comforts:hammock_gray": {
    "criteria": {
      "has_the_recipe": "2024-05-24 19:22:07 +0000"
    },
    "done": true
  },
  "meetyourfight:main/root": {
    "criteria": {
      "killed_something": "2024-05-24 20:52:50 +0000"
    },
    "done": true
  },
  "majruszsdifficulty:progressive_difficulty/bleeding": {
    "criteria": {
      "bleeding_applied": "2024-05-24 21:14:55 +0000"
    },
    "done": true
  },
  "immersive_weathering:immersive_weathering/dirts": {
    "criteria": {
      "dirt": "2024-05-24 23:14:42 +0000"
    },
    "done": false
  },
  "DataVersion": 2975
}